{"0": {"image_ids": [210, 123, 224, 71], "image_db_ids": [889, 528, 948, 267], "loss": 1.1379389762878418, "loss_dict": {"loss_ce": 0.265758752822876, "loss_bbox": 0.025163769721984863, "loss_giou": 0.37318068742752075}}, "1": {"image_ids": [43, 300, 295, 174], "image_db_ids": [146, 1266, 1243, 720], "loss": 1.0509576797485352, "loss_dict": {"loss_ce": 0.14120377600193024, "loss_bbox": 0.023022392764687538, "loss_giou": 0.397320955991745}}, "2": {"image_ids": [147, 138, 18, 107], "image_db_ids": [624, 586, 39, 453], "loss": 0.9467531442642212, "loss_dict": {"loss_ce": 0.1155901774764061, "loss_bbox": 0.02137785218656063, "loss_giou": 0.3621368408203125}}, "3": {"image_ids": [20, 120, 292, 187], "image_db_ids": [42, 512, 1234, 794], "loss": 1.0134809017181396, "loss_dict": {"loss_ce": 0.2231108397245407, "loss_bbox": 0.01899491250514984, "loss_giou": 0.34769773483276367}}, "4": {"image_ids": [130, 289, 145, 279], "image_db_ids": [556, 1217, 613, 1168], "loss": 0.8605537414550781, "loss_dict": {"loss_ce": 0.11289644241333008, "loss_bbox": 0.01651405356824398, "loss_giou": 0.3325435221195221}}, "5": {"image_ids": [233, 39, 275, 172], "image_db_ids": [976, 131, 1164, 710], "loss": 0.830540657043457, "loss_dict": {"loss_ce": 0.1682937890291214, "loss_bbox": 0.01616053096950054, "loss_giou": 0.2907221019268036}}, "6": {"image_ids": [142, 37, 245, 291], "image_db_ids": [604, 124, 1051, 1225], "loss": 0.97137451171875, "loss_dict": {"loss_ce": 0.13038240373134613, "loss_bbox": 0.023044047877192497, "loss_giou": 0.3628859519958496}}, "7": {"image_ids": [117, 8, 293, 28], "image_db_ids": [495, 11, 1239, 78], "loss": 0.9160668849945068, "loss_dict": {"loss_ce": 0.1204768493771553, "loss_bbox": 0.019274156540632248, "loss_giou": 0.3496096134185791}}, "8": {"image_ids": [151, 91, 154, 64], "image_db_ids": [636, 381, 641, 242], "loss": 0.9460107684135437, "loss_dict": {"loss_ce": 0.25497421622276306, "loss_bbox": 0.018536465242505074, "loss_giou": 0.2991771101951599}}, "9": {"image_ids": [267, 60, 110, 73], "image_db_ids": [1122, 236, 464, 284], "loss": 0.8815922737121582, "loss_dict": {"loss_ce": 0.09564943611621857, "loss_bbox": 0.02117982506752014, "loss_giou": 0.34002184867858887}}, "10": {"image_ids": [93, 95, 234, 3], "image_db_ids": [395, 401, 998, 5], "loss": 0.927859365940094, "loss_dict": {"loss_ce": 0.1519448161125183, "loss_bbox": 0.020474756136536598, "loss_giou": 0.3367703855037689}}, "11": {"image_ids": [127, 135, 297, 30], "image_db_ids": [543, 578, 1247, 87], "loss": 0.7683823704719543, "loss_dict": {"loss_ce": 0.10797132551670074, "loss_bbox": 0.016131218522787094, "loss_giou": 0.2898774743080139}}, "12": {"image_ids": [146, 191, 152, 68], "image_db_ids": [622, 810, 638, 258], "loss": 1.0195562839508057, "loss_dict": {"loss_ce": 0.20634904503822327, "loss_bbox": 0.01835981197655201, "loss_giou": 0.36070409417152405}}, "13": {"image_ids": [89, 25, 216, 59], "image_db_ids": [342, 69, 914, 234], "loss": 0.9789138436317444, "loss_dict": {"loss_ce": 0.17656506597995758, "loss_bbox": 0.022224780172109604, "loss_giou": 0.34561243653297424}}, "14": {"image_ids": [253, 105, 29, 236], "image_db_ids": [1077, 435, 83, 1011], "loss": 0.8085657954216003, "loss_dict": {"loss_ce": 0.14123564958572388, "loss_bbox": 0.015359675511717796, "loss_giou": 0.29526588320732117}}, "15": {"image_ids": [217, 128, 31, 169], "image_db_ids": [927, 548, 90, 699], "loss": 1.2127913236618042, "loss_dict": {"loss_ce": 0.2571086287498474, "loss_bbox": 0.025043565779924393, "loss_giou": 0.41523241996765137}}, "16": {"image_ids": [44, 204, 69, 104], "image_db_ids": [153, 875, 263, 433], "loss": 1.2448015213012695, "loss_dict": {"loss_ce": 0.2932778596878052, "loss_bbox": 0.0265768151730299, "loss_giou": 0.40931978821754456}}, "17": {"image_ids": [168, 27, 161, 249], "image_db_ids": [697, 77, 682, 1062], "loss": 1.016737937927246, "loss_dict": {"loss_ce": 0.16240866482257843, "loss_bbox": 0.02554353140294552, "loss_giou": 0.36330583691596985}}, "18": {"image_ids": [175, 92, 229, 97], "image_db_ids": [722, 385, 960, 406], "loss": 0.7841888666152954, "loss_dict": {"loss_ce": 0.0909244492650032, "loss_bbox": 0.01636020839214325, "loss_giou": 0.3057316839694977}}, "19": {"image_ids": [111, 227, 255, 143], "image_db_ids": [471, 954, 1083, 610], "loss": 0.9983925819396973, "loss_dict": {"loss_ce": 0.15004752576351166, "loss_bbox": 0.019419094547629356, "loss_giou": 0.37562480568885803}}, "20": {"image_ids": [155, 188, 165, 228], "image_db_ids": [645, 797, 692, 957], "loss": 0.9152942895889282, "loss_dict": {"loss_ce": 0.09401576220989227, "loss_bbox": 0.019978662952780724, "loss_giou": 0.3606925904750824}}, "21": {"image_ids": [280, 158, 178, 150], "image_db_ids": [1175, 653, 764, 635], "loss": 0.8979487419128418, "loss_dict": {"loss_ce": 0.14726987481117249, "loss_bbox": 0.0197121724486351, "loss_giou": 0.3260589838027954}}, "22": {"image_ids": [21, 63, 287, 200], "image_db_ids": [61, 241, 1201, 866], "loss": 1.0761120319366455, "loss_dict": {"loss_ce": 0.19290310144424438, "loss_bbox": 0.02327858842909336, "loss_giou": 0.38340798020362854}}, "23": {"image_ids": [201, 12, 266, 192], "image_db_ids": [869, 17, 1119, 820], "loss": 1.0982404947280884, "loss_dict": {"loss_ce": 0.22275768220424652, "loss_bbox": 0.02299598418176174, "loss_giou": 0.3802514374256134}}, "24": {"image_ids": [24, 75, 19, 298], "image_db_ids": [68, 293, 41, 1262], "loss": 0.9210906028747559, "loss_dict": {"loss_ce": 0.12967398762702942, "loss_bbox": 0.020623695105314255, "loss_giou": 0.34414905309677124}}, "25": {"image_ids": [144, 235, 40, 194], "image_db_ids": [612, 1000, 136, 846], "loss": 0.8648431301116943, "loss_dict": {"loss_ce": 0.11471354216337204, "loss_bbox": 0.02034919708967209, "loss_giou": 0.3241918087005615}}, "26": {"image_ids": [190, 72, 157, 206], "image_db_ids": [806, 278, 649, 880], "loss": 0.89608234167099, "loss_dict": {"loss_ce": 0.11855151504278183, "loss_bbox": 0.021724902093410492, "loss_giou": 0.33445316553115845}}, "27": {"image_ids": [252, 16, 213, 2], "image_db_ids": [1076, 33, 896, 4], "loss": 0.9582473635673523, "loss_dict": {"loss_ce": 0.1119626834988594, "loss_bbox": 0.018730008974671364, "loss_giou": 0.3763173222541809}}, "28": {"image_ids": [126, 277, 207, 163], "image_db_ids": [537, 1166, 881, 687], "loss": 0.8127582669258118, "loss_dict": {"loss_ce": 0.07954631745815277, "loss_bbox": 0.019673842936754227, "loss_giou": 0.3174213767051697}}, "29": {"image_ids": [45, 243, 167, 22], "image_db_ids": [156, 1045, 695, 62], "loss": 0.7206035852432251, "loss_dict": {"loss_ce": 0.04812302440404892, "loss_bbox": 0.017675278708338737, "loss_giou": 0.29205209016799927}}, "30": {"image_ids": [153, 258, 197, 286], "image_db_ids": [640, 1097, 860, 1196], "loss": 0.9058592915534973, "loss_dict": {"loss_ce": 0.1248614564538002, "loss_bbox": 0.0204427782446146, "loss_giou": 0.3393919765949249}}, "31": {"image_ids": [82, 220, 102, 278], "image_db_ids": [321, 935, 423, 1167], "loss": 0.9617590308189392, "loss_dict": {"loss_ce": 0.12177383154630661, "loss_bbox": 0.023911796510219574, "loss_giou": 0.36021310091018677}}, "32": {"image_ids": [109, 10, 209, 115], "image_db_ids": [462, 13, 887, 490], "loss": 1.2457633018493652, "loss_dict": {"loss_ce": 0.20126087963581085, "loss_bbox": 0.0286629069596529, "loss_giou": 0.4505939781665802}}, "33": {"image_ids": [36, 244, 272, 185], "image_db_ids": [110, 1047, 1146, 792], "loss": 0.9361422061920166, "loss_dict": {"loss_ce": 0.09957971423864365, "loss_bbox": 0.019173910841345787, "loss_giou": 0.37034645676612854}}, "34": {"image_ids": [176, 134, 199, 250], "image_db_ids": [730, 571, 863, 1064], "loss": 0.8149479031562805, "loss_dict": {"loss_ce": 0.1443667858839035, "loss_bbox": 0.016363956034183502, "loss_giou": 0.29438066482543945}}, "35": {"image_ids": [101, 81, 285, 265], "image_db_ids": [422, 317, 1193, 1117], "loss": 0.9048833847045898, "loss_dict": {"loss_ce": 0.11356993764638901, "loss_bbox": 0.01914326101541519, "loss_giou": 0.34779858589172363}},