{"0": {"image_ids": [161, 163, 141, 100, 162, 225, 138, 22], "image_db_ids": [682, 687, 603, 416, 684, 952, 586, 62], "loss": 0.8669494986534119, "loss_dict": {"loss_ce": 0.10800192505121231, "loss_bbox": 0.01800806075334549, "loss_giou": 0.33445364236831665}}, "1": {"image_ids": [114, 69, 62, 97, 33, 136, 37, 92], "image_db_ids": [484, 263, 239, 406, 99, 579, 124, 385], "loss": 0.9885404109954834, "loss_dict": {"loss_ce": 0.1646246463060379, "loss_bbox": 0.021802689880132675, "loss_giou": 0.3574511408805847}}, "2": {"image_ids": [226, 207, 82, 20, 98, 36, 81, 108], "image_db_ids": [953, 881, 321, 42, 407, 110, 317, 460], "loss": 0.7856444120407104, "loss_dict": {"loss_ce": 0.08286883682012558, "loss_bbox": 0.018752800300717354, "loss_giou": 0.3045057952404022}}, "3": {"image_ids": [130, 119, 73, 135, 202, 191, 132, 273], "image_db_ids": [556, 511, 284, 578, 870, 810, 568, 1159], "loss": 0.9353448152542114, "loss_dict": {"loss_ce": 0.17925797402858734, "loss_bbox": 0.018993068486452103, "loss_giou": 0.33056074380874634}}, "4": {"image_ids": [150, 256, 31, 261, 66, 267, 68, 106], "image_db_ids": [635, 1086, 90, 1106, 250, 1122, 258, 444], "loss": 0.9570331573486328, "loss_dict": {"loss_ce": 0.19933544099330902, "loss_bbox": 0.017849180847406387, "loss_giou": 0.3342258930206299}}, "5": {"image_ids": [154, 291, 99, 7, 185, 248, 217, 88], "image_db_ids": [641, 1225, 411, 10, 792, 1058, 927, 337], "loss": 0.9990969300270081, "loss_dict": {"loss_ce": 0.1444700062274933, "loss_bbox": 0.024973947554826736, "loss_giou": 0.3648785948753357}}, "6": {"image_ids": [205, 148, 198, 48, 51, 184, 26, 115], "image_db_ids": [877, 628, 861, 165, 190, 787, 70, 490], "loss": 0.8753664493560791, "loss_dict": {"loss_ce": 0.1728268414735794, "loss_bbox": 0.017286840826272964, "loss_giou": 0.3080526888370514}}, "7": {"image_ids": [203, 263, 102, 200, 86, 262, 21, 255], "image_db_ids": [874, 1111, 423, 866, 331, 1108, 61, 1083], "loss": 1.085910677909851, "loss_dict": {"loss_ce": 0.2332342565059662, "loss_bbox": 0.023313945159316063, "loss_giou": 0.3680533468723297}}, "8": {"image_ids": [285, 173, 251, 209, 112, 166, 78, 211], "image_db_ids": [1193, 719, 1069, 887, 475, 693, 303, 890], "loss": 0.9561564922332764, "loss_dict": {"loss_ce": 0.15011079609394073, "loss_bbox": 0.021108178421854973, "loss_giou": 0.3502524197101593}}, "9": {"image_ids": [174, 264, 236, 103, 76, 169, 120, 65], "image_db_ids": [720, 1113, 1011, 427, 295, 699, 512, 247], "loss": 0.9162280559539795, "loss_dict": {"loss_ce": 0.07995462417602539, "loss_bbox": 0.01962273009121418, "loss_giou": 0.3690798878669739}}, "10": {"image_ids": [170, 258, 277, 96, 280, 40, 160, 28], "image_db_ids": [703, 1097, 1166, 402, 1175, 136, 671, 78], "loss": 0.9488476514816284, "loss_dict": {"loss_ce": 0.17911452054977417, "loss_bbox": 0.02024354413151741, "loss_giou": 0.33425769209861755}}, "11": {"image_ids": [58, 14, 44, 214, 219, 167, 206, 39], "image_db_ids": [232, 24, 153, 910, 934, 695, 880, 131], "loss": 0.9091219902038574, "loss_dict": {"loss_ce": 0.09251153469085693, "loss_bbox": 0.021746551617980003, "loss_giou": 0.35393884778022766}}, "12": {"image_ids": [227, 9, 45, 156, 126, 18, 221, 29], "image_db_ids": [954, 12, 156, 646, 537, 39, 939, 83], "loss": 1.0172677040100098, "loss_dict": {"loss_ce": 0.1588953733444214, "loss_bbox": 0.023887913674116135, "loss_giou": 0.3694663643836975}}, "13": {"image_ids": [11, 192, 195, 246, 1, 245, 231, 10], "image_db_ids": [14, 820, 851, 1052, 3, 1051, 971, 13], "loss": 1.1833122968673706, "loss_dict": {"loss_ce": 0.16457591950893402, "loss_bbox": 0.029607051983475685, "loss_giou": 0.43535056710243225}}, "14": {"image_ids": [215, 290, 49, 25, 165, 299, 109, 4], "image_db_ids": [911, 1218, 166, 69, 692, 1263, 462, 6], "loss": 1.0888919830322266, "loss_dict": {"loss_ce": 0.2090461105108261, "loss_bbox": 0.022946637123823166, "loss_giou": 0.38255631923675537}}, "15": {"image_ids": [297, 111, 110, 55, 168, 292, 164, 220], "image_db_ids": [1247, 471, 464, 222, 697, 1234, 690, 935], "loss": 0.9591153860092163, "loss_dict": {"loss_ce": 0.1351761519908905, "loss_bbox": 0.022461842745542526, "loss_giou": 0.35581499338150024}}, "16": {"image_ids": [186, 59, 123, 249, 72, 89, 101, 218], "image_db_ids": [793, 234, 528, 1062, 278, 342, 422, 928], "loss": 1.0200252532958984, "loss_dict": {"loss_ce": 0.19692763686180115, "loss_bbox": 0.023247957229614258, "loss_giou": 0.3534289300441742}}, "17": {"image_ids": [124, 265, 46, 131, 176, 35, 60, 278], "image_db_ids": [531, 1117, 163, 563, 730, 109, 236, 1167], "loss": 0.9566323757171631, "loss_dict": {"loss_ce": 0.16667340695858002, "loss_bbox": 0.020558880642056465, "loss_giou": 0.34358230233192444}}, "18": {"image_ids": [216, 272, 0, 234, 284, 294, 275, 24], "image_db_ids": [914, 1146, 1, 998, 1191, 1240, 1164, 68], "loss": 0.7807040214538574, "loss_dict": {"loss_ce": 0.08717712759971619, "loss_bbox": 0.01662066951394081, "loss_giou": 0.30521178245544434}}, "19": {"image_ids": [151, 16, 204, 80, 23, 244, 279, 70], "image_db_ids": [636, 33, 875, 315, 67, 1047, 1168, 266], "loss": 1.0680956840515137, "loss_dict": {"loss_ce": 0.18128636479377747, "loss_bbox": 0.02270454727113247, "loss_giou": 0.38664329051971436}}, "20": {"image_ids": [64, 183, 71, 107, 240, 12, 230, 155], "image_db_ids": [242, 781, 267, 453, 1031, 17, 961, 645], "loss": 0.9559383392333984, "loss_dict": {"loss_ce": 0.17166320979595184, "loss_bbox": 0.021556463092565536, "loss_giou": 0.3382464051246643}}, "21": {"image_ids": [182, 53, 276, 296, 188, 56, 117, 94], "image_db_ids": [778, 214, 1165, 1244, 797, 224, 495, 397], "loss": 0.9007231593132019, "loss_dict": {"loss_ce": 0.1406417042016983, "loss_bbox": 0.02018904685974121, "loss_giou": 0.32956811785697937}}, "22": {"image_ids": [139, 8, 199, 282, 222, 5, 116, 298], "image_db_ids": [590, 11, 863, 1181, 943, 8, 492, 1262], "loss": 0.9796491861343384, "loss_dict": {"loss_ce": 0.0816379114985466, "loss_bbox": 0.0249796025454998, "loss_giou": 0.38655662536621094}}, "23": {"image_ids": [143, 295, 74, 91, 121, 105, 257, 179], "image_db_ids": [610, 1243, 292, 381, 519, 435, 1088, 769], "loss": 1.0319766998291016, "loss_dict": {"loss_ce": 0.19686998426914215, "loss_bbox": 0.022097624838352203, "loss_giou": 0.3623092770576477}}, "24": {"image_ids": [153, 32, 223, 288, 152, 27, 75, 224], "image_db_ids": [640, 96, 946, 1215, 638, 77, 293, 948], "loss": 0.9027750492095947, "loss_dict": {"loss_ce": 0.06794213503599167, "loss_bbox": 0.024920696392655373, "loss_giou": 0.35511472821235657}}, "25": {"image_ids": [274, 266, 235, 6, 159, 133, 172, 142], "image_db_ids": [1161, 1119, 1000, 9, 663, 569, 710, 604], "loss": 0.984345555305481, "loss_dict": {"loss_ce": 0.16243299841880798, "loss_bbox": 0.01896754652261734, "loss_giou": 0.36353740096092224}}, "26": {"image_ids": [193, 180, 47, 177, 43, 79, 38, 194], "image_db_ids": [827, 772, 164, 746, 146, 306, 129, 846], "loss": 0.8785850405693054, "loss_dict": {"loss_ce": 0.11916887760162354, "loss_bbox": 0.020596956834197044, "loss_giou": 0.32821568846702576}}, "27": {"image_ids": [212, 15, 213, 232, 238, 293, 243, 30], "image_db_ids": [893, 27, 896, 974, 1028, 1239, 1045, 87], "loss": 0.8623666167259216, "loss_dict": {"loss_ce": 0.11504361778497696, "loss_bbox": 0.019879596307873726, "loss_giou": 0.3239625096321106}}, "28": {"image_ids": [128, 104, 190, 252, 189, 281, 134, 201], "image_db_ids": [548, 433, 806, 1076, 800, 1178, 571, 869], "loss": 0.8613802194595337, "loss_dict": {"loss_ce": 0.08308570086956024, "loss_bbox": 0.02166777476668358, "loss_giou": 0.33497780561447144}}, "29": {"image_ids": [54, 2, 178, 247, 157, 283, 241, 137], "image_db_ids": [221, 4, 764, 1056, 649, 1183, 1034, 582], "loss": 0.7745918035507202, "loss_dict": {"loss_ce": 0.11640122532844543, "loss_bbox": 0.01697850227355957, "loss_giou": 0.28664901852607727}}, "30": {"image_ids": [84, 300, 268, 90, 254, 260, 113, 19], "image_db_ids": [329, 1266, 1130, 377, 1079, 1102, 483, 41], "loss": 1.0757052898406982,