{"0": {"image_ids": [0, 1], "loss": 1.0750365257263184, "loss_dict": {"loss_ce": 0.05612065643072128, "loss_bbox": 0.033871885389089584, "loss_giou": 0.42477819323539734}}, "1": {"image_ids": [2, 3], "loss": 0.847335934638977, "loss_dict": {"loss_ce": 0.04103677347302437, "loss_bbox": 0.022161493077874184, "loss_giou": 0.3477458655834198}}, "2": {"image_ids": [4, 5], "loss": 1.1991490125656128, "loss_dict": {"loss_ce": 0.09190063178539276, "loss_bbox": 0.039321038872003555, "loss_giou": 0.4553215801715851}}, "3": {"image_ids": [6, 7], "loss": 1.3085546493530273, "loss_dict": {"loss_ce": 0.014724649488925934, "loss_bbox": 0.0390675812959671, "loss_giou": 0.549246072769165}}, "4": {"image_ids": [8, 9], "loss": 1.409761905670166, "loss_dict": {"loss_ce": 0.03943605348467827, "loss_bbox": 0.05793934315443039, "loss_giou": 0.5403145551681519}}, "5": {"image_ids": [10, 11], "loss": 1.1729941368103027, "loss_dict": {"loss_ce": 0.07575074583292007, "loss_bbox": 0.0324760265648365, "loss_giou": 0.4674316346645355}}, "6": {"image_ids": [12, 13], "loss": 1.0730429887771606, "loss_dict": {"loss_ce": 0.21341578662395477, "loss_bbox": 0.022748569026589394, "loss_giou": 0.372942179441452}}, "7": {"image_ids": [14, 15], "loss": 1.0335147380828857, "loss_dict": {"loss_ce": 0.159769207239151, "loss_bbox": 0.025266654789447784, "loss_giou": 0.3737061023712158}}, "8": {"image_ids": [16, 17], "loss": 1.2061885595321655, "loss_dict": {"loss_ce": 0.20747603476047516, "loss_bbox": 0.02275022864341736, "loss_giou": 0.4424806833267212}}, "9": {"image_ids": [18, 19], "loss": 0.9577621817588806, "loss_dict": {"loss_ce": 0.07451073080301285, "loss_bbox": 0.025738375261425972, "loss_giou": 0.37727978825569153}}}