{"0": {"image_ids": [0], "image_db_id": [1], "loss": 0.9134936332702637, "loss_dict": {"loss_ce": 0.078348807990551, "loss_bbox": 0.024859851226210594, "loss_giou": 0.3554227650165558}}, "1": {"image_ids": [1], "image_db_id": [3], "loss": 1.6004506349563599, "loss_dict": {"loss_ce": 0.030221790075302124, "loss_bbox": 0.060907986015081406, "loss_giou": 0.6328444480895996}}, "2": {"image_ids": [2], "image_db_id": [4], "loss": 0.6697719097137451, "loss_dict": {"loss_ce": 0.013925790786743164, "loss_bbox": 0.011384600773453712, "loss_giou": 0.2994615435600281}}, "3": {"image_ids": [3], "image_db_id": [5], "loss": 0.9460853338241577, "loss_dict": {"loss_ce": 0.06455954909324646, "loss_bbox": 0.02754994109272957, "loss_giou": 0.37188804149627686}}, "4": {"image_ids": [4], "image_db_id": [6], "loss": 1.0821491479873657, "loss_dict": {"loss_ce": 0.03276372328400612, "loss_bbox": 0.036469317972660065, "loss_giou": 0.4335194230079651}}, "5": {"image_ids": [5], "image_db_id": [8], "loss": 1.2438580989837646, "loss_dict": {"loss_ce": 0.12937691807746887, "loss_bbox": 0.03967750445008278, "loss_giou": 0.4580468237400055}}, "6": {"image_ids": [6], "image_db_id": [9], "loss": 1.1218351125717163, "loss_dict": {"loss_ce": 0.015424707904458046, "loss_bbox": 0.03515872359275818, "loss_giou": 0.46530836820602417}}, "7": {"image_ids": [7], "image_db_id": [10], "loss": 1.4952744245529175, "loss_dict": {"loss_ce": 0.014024589210748672, "loss_bbox": 0.042976442724466324, "loss_giou": 0.6331838369369507}}, "8": {"image_ids": [8], "image_db_id": [11], "loss": 1.0820857286453247, "loss_dict": {"loss_ce": 0.0157836452126503, "loss_bbox": 0.028781859204173088, "loss_giou": 0.4611963927745819}}, "9": {"image_ids": [9], "image_db_id": [12], "loss": 2.349391222000122, "loss_dict": {"loss_ce": 0.06699435412883759, "loss_bbox": 0.14541180431842804, "loss_giou": 0.7776689529418945}}, "10": {"image_ids": [10], "image_db_id": [13], "loss": 1.1355648040771484, "loss_dict": {"loss_ce": 0.07587451487779617, "loss_bbox": 0.02999444492161274, "loss_giou": 0.45485904812812805}}, "11": {"image_ids": [11], "image_db_id": [14], "loss": 1.2416813373565674, "loss_dict": {"loss_ce": 0.0755908191204071, "loss_bbox": 0.03702559322118759, "loss_giou": 0.49048128724098206}}, "12": {"image_ids": [12], "image_db_id": [17], "loss": 1.235589861869812, "loss_dict": {"loss_ce": 0.29150453209877014, "loss_bbox": 0.02557496726512909, "loss_giou": 0.4081052541732788}}, "13": {"image_ids": [13], "image_db_id": [18], "loss": 0.7512904405593872, "loss_dict": {"loss_ce": 0.08873260766267776, "loss_bbox": 0.016153626143932343, "loss_giou": 0.29089486598968506}}, "14": {"image_ids": [14], "image_db_id": [24], "loss": 1.0178649425506592, "loss_dict": {"loss_ce": 0.15961647033691406, "loss_bbox": 0.02249455638229847, "loss_giou": 0.37288782000541687}}, "15": {"image_ids": [15], "image_db_id": [27], "loss": 1.0435993671417236, "loss_dict": {"loss_ce": 0.1598915308713913, "loss_bbox": 0.027048718184232712, "loss_giou": 0.37423214316368103}}, "16": {"image_ids": [16], "image_db_id": [33], "loss": 1.3478219509124756, "loss_dict": {"loss_ce": 0.3125084340572357, "loss_bbox": 0.023510662838816643, "loss_giou": 0.45888009667396545}}, "17": {"image_ids": [17], "image_db_id": [36], "loss": 0.7751291990280151, "loss_dict": {"loss_ce": 0.014323177747428417, "loss_bbox": 0.017807401716709137, "loss_giou": 0.3358845114707947}}, "18": {"image_ids": [18], "image_db_id": [39], "loss": 0.9974365234375, "loss_dict": {"loss_ce": 0.09176868200302124, "loss_bbox": 0.026419756934046745, "loss_giou": 0.38678452372550964}}, "19": {"image_ids": [19], "image_db_id": [41], "loss": 0.6796740293502808, "loss_dict": {"loss_ce": 0.0430031456053257, "loss_bbox": 0.01824318617582321, "loss_giou": 0.27272748947143555}}, "20": {"image_ids": [20], "image_db_id": [42], "loss": 0.040043458342552185, "loss_dict": {"loss_ce": 0.040043458342552185, "loss_bbox": 0.0, "loss_giou": 0.0}}, "21": {"image_ids": [21], "image_db_id": [61], "loss": 0.7669763565063477, "loss_dict": {"loss_ce": 0.030803227797150612, "loss_bbox": 0.019555211067199707, "loss_giou": 0.3191985487937927}}, "22": {"image_ids": [22], "image_db_id": [62], "loss": 0.6735466718673706, "loss_dict": {"loss_ce": 0.03697238117456436, "loss_bbox": 0.014355535618960857, "loss_giou": 0.2823983132839203}}, "23": {"image_ids": [23], "image_db_id": [67], "loss": 0.7952109575271606, "loss_dict": {"loss_ce": 0.0778469517827034, "loss_bbox": 0.019673148170113564, "loss_giou": 0.3094991445541382}}, "24": {"image_ids": [24], "image_db_id": [68], "loss": 1.0677964687347412, "loss_dict": {"loss_ce": 0.15889889001846313, "loss_bbox": 0.02181379869580269, "loss_giou": 0.3999142646789551}}, "25": {"image_ids": [25], "image_db_id": [69], "loss": 0.7818083763122559, "loss_dict": {"loss_ce": 0.22879895567893982, "loss_bbox": 0.01436728797852993, "loss_giou": 0.24058647453784943}}, "26": {"image_ids": [26], "image_db_id": [70], "loss": 0.847238302230835, "loss_dict": {"loss_ce": 0.07211851328611374, "loss_bbox": 0.017182499170303345, "loss_giou": 0.34460365772247314}}, "27": {"image_ids": [27], "image_db_id": [77], "loss": 0.9207929372787476, "loss_dict": {"loss_ce": 0.10587701946496964, "loss_bbox": 0.02469850517809391, "loss_giou": 0.34571170806884766}}, "28": {"image_ids": [28], "image_db_id": [78], "loss": 0.8364958763122559, "loss_dict": {"loss_ce": 0.14017602801322937, "loss_bbox": 0.0169314444065094, "loss_giou": 0.30583131313323975}}, "29": {"image_ids": [29], "image_db_id": [83], "loss": 0.8412400484085083, "loss_dict": {"loss_ce": 0.12403937429189682, "loss_bbox": 0.022640755400061607, "loss_giou": 0.30199843645095825}}}